Nº,Pregunta,Puntuación máxima,Excelente (100%),Notable (75%),Aprobado (50%),Insuficiente (0%),Puntuación obtenida,Observaciones
1,Principio de mínimo privilegio,0.5,"Define el principio correctamente (otorgar solo los permisos estrictamente necesarios). No se exige justificación si el concepto es correcto.","Transmite la idea de forma aproximada aunque le falte algo de precisión.","Menciona que se trata de restringir o limitar permisos sin definirlo del todo.",Sin respuesta o definición claramente incorrecta.,,
2,Inyección SQL: definición / explotación / prevención,2.0,"Explica qué es, menciona consultas parametrizadas como medida de prevención y aporta además cómo se explota o alguna otra medida.","Explica qué es a grandes rasgos y menciona consultas parametrizadas.","Menciona consultas parametrizadas u otra medida de prevención válida aunque la explicación del ataque sea pobre.",Sin respuesta o no menciona ninguna medida de prevención válida.,,
3,Autenticación vs. autorización,0.5,"Diferencia ambos conceptos (quién eres vs. qué puedes hacer).","Diferencia ambos conceptos aunque la formulación sea algo imprecisa.","Intuye la diferencia aunque la exprese de forma confusa.",Sin respuesta o confunde ambos conceptos.,,
4,Modelado de amenazas: definición y fase,1.0,"Define el modelado de amenazas e indica que se realiza en la fase de diseño.","Define correctamente aunque no precise la fase, o indica la fase con una definición algo vaga.","Menciona que es un análisis de seguridad relacionado con identificar amenazas.",Sin respuesta o descripción incorrecta.,,
5,Defensa en profundidad: definición y ejemplos,2.0,"Define la estrategia (múltiples capas independientes) y aporta al menos dos ejemplos de capas.","Define correctamente y aporta uno o dos ejemplos.","Transmite la idea de capas o aporta algún ejemplo válido aunque sin definición precisa.",Sin respuesta o definición incorrecta sin ejemplos.,,
6,OWASP Top 10: definición y utilidad,1.0,"Explica qué es (lista de riesgos más críticos en aplicaciones web) e indica para qué sirve.","Explica qué es correctamente aunque la utilidad sea genérica.","Menciona OWASP como referencia o guía de seguridad sin precisar más.",Sin respuesta o descripción incorrecta.,,
7,XSS: definición / impacto / mitigación,2.0,"Define XSS, menciona algún impacto y al menos dos técnicas de mitigación.","Define correctamente y menciona al menos una técnica de mitigación junto con algún impacto.","Transmite la idea de XSS aunque mencione solo una contramedida o el impacto sea vago.",Sin respuesta o no menciona ninguna técnica de mitigación.,,
8,Cifrado en tránsito vs. cifrado en reposo,1.0,"Diferencia ambos conceptos (datos en transmisión vs. almacenados) e indica que cubren amenazas distintas.","Diferencia ambos conceptos correctamente.","Intuye la diferencia aunque la formulación sea imprecisa.",Sin respuesta o confunde ambos conceptos.,,
,TOTAL,10.0,,,,,=SUM(I2:I9),
